{
    "normal": {
        "tdx": 41.666667,
        "t_dx": 66.666666,
        "t_d_x": 83.333333,
        "td_x": 76.923077,
        "t_d_x1_x2": 90.90909,
        "t_dx1_x2": 90.90909,
        "td_x1_x2": 76.923077,
        "tdx1_x2": 55.555555,
        "t_dx1_x2_no_ofu": 90.90909,
        "tdx1_x2_no_ofu": 52.631579
    },
    "spu": {
        "t_dx1_x2_no_ofu": 83.333333,
        "tdx1_x2_no_ofu": 52.631579,
        "t_d_x1_x2": 76.923077,
        "t_dx1_x2": 99.999999,
        "td_x1_x2": 71.428571,
        "tdx1_x2": 55.555555,
        "t_d_x": 66.666666,
        "t_dx": 52.631579,
        "td_x": 66.666666,
        "tdx": 41.666667
    }
}
